{
    "V_TCF2VCF": [0.049758000,-0.022000000,-0.01190000],
    "VT_DCM": [
            [-1,0,0],
            [0,-1,0],
            [0,0,1]
        ],
	"V_CCF2VCF": [0,0,0],
    "VC_DCM": [
            [1,0,0],
            [0,1,0],
            [0,0,1]
        ]
}